{
  "properties": {
    "connectionReferences": {
      "shared_sharepointonline": {
        "runtimeSource": "invoker",
        "connection": {
          "connectionReferenceLogicalName": "new_sharedsharepointonline_a215c"
        },
        "api": {
          "name": "shared_sharepointonline"
        }
      }
    },
    "definition": {
      "$schema": "https://schema.management.azure.com/providers/Microsoft.Logic/schemas/2016-06-01/workflowdefinition.json#",
      "contentVersion": "1.0.0.0",
      "parameters": {
        "$authentication": {
          "defaultValue": {},
          "type": "SecureObject"
        },
        "$connections": {
          "defaultValue": {},
          "type": "Object"
        }
      },
      "triggers": {
        "manual": {
          "metadata": {
            "operationMetadataId": "83f4fe00-3ca4-4bfd-928d-5c62b336c553"
          },
          "type": "Request",
          "kind": "PowerAppV2",
          "inputs": {
            "schema": {
              "type": "object",
              "properties": {
                "file": {
                  "description": "Please select file or image",
                  "title": "file",
                  "type": "object",
                  "properties": {
                    "contentBytes": {
                      "type": "string",
                      "format": "byte"
                    },
                    "name": {
                      "type": "string"
                    }
                  },
                  "x-ms-content-hint": "FILE",
                  "x-ms-dynamically-added": true
                },
                "text": {
                  "description": "Please enter your input",
                  "title": "folderPath",
                  "type": "string",
                  "x-ms-content-hint": "TEXT",
                  "x-ms-dynamically-added": true
                }
              },
              "required": [
                "file",
                "text"
              ]
            }
          }
        }
      },
      "actions": {
        "Create_file": {
          "runAfter": {},
          "metadata": {
            "operationMetadataId": "16d2dec0-1b19-4c13-a9e4-02b043e41a2c"
          },
          "type": "OpenApiConnection",
          "inputs": {
            "parameters": {
              "dataset": "https://ppetechcoza.sharepoint.com/sites/DocumentControl",
              "folderPath": "@triggerBody()?['text']",
              "name": "@triggerBody()?['file']?['name']",
              "body": "@base64ToBinary(triggerBody()?['file']?['contentBytes'])"
            },
            "host": {
              "apiId": "/providers/Microsoft.PowerApps/apis/shared_sharepointonline",
              "connectionName": "shared_sharepointonline",
              "operationId": "CreateFile"
            },
            "authentication": {
              "value": "@json(decodeBase64(triggerOutputs().headers['X-MS-APIM-Tokens']))['$ConnectionKey']",
              "type": "Raw"
            }
          },
          "runtimeConfiguration": {
            "contentTransfer": {
              "transferMode": "Chunked"
            }
          }
        }
      }
    },
    "templateName": null
  },
  "schemaVersion": "1.0.0.0"
}