{
  "properties": {
    "connectionReferences": {
      "shared_commondataserviceforapps": {
        "api": {
          "name": "shared_commondataserviceforapps"
        },
        "connection": {
          "connectionReferenceLogicalName": "new_sharedcommondataserviceforapps_3b24d"
        },
        "runtimeSource": "embedded"
      }
    },
    "definition": {
      "$schema": "https://schema.management.azure.com/providers/Microsoft.Logic/schemas/2016-06-01/workflowdefinition.json#",
      "contentVersion": "undefined",
      "parameters": {
        "$authentication": {
          "defaultValue": {},
          "type": "SecureObject"
        },
        "$connections": {
          "defaultValue": {},
          "type": "Object"
        }
      },
      "triggers": {
        "manual": {
          "type": "Request",
          "kind": "PowerAppV2",
          "inputs": {
            "schema": {
              "type": "object",
              "properties": {
                "text": {
                  "description": "Please enter your input",
                  "title": "DocIDs",
                  "type": "string",
                  "x-ms-content-hint": "TEXT",
                  "x-ms-dynamically-added": true
                },
                "text_1": {
                  "description": "Please enter your input",
                  "title": "Reviewers",
                  "type": "string",
                  "x-ms-content-hint": "TEXT",
                  "x-ms-dynamically-added": true
                },
                "text_2": {
                  "description": "Please enter your input",
                  "title": "LibraryName",
                  "type": "string",
                  "x-ms-content-hint": "TEXT",
                  "x-ms-dynamically-added": true
                },
                "text_3": {
                  "description": "Please enter your input",
                  "title": "ApprovalBatchID",
                  "type": "string",
                  "x-ms-content-hint": "TEXT",
                  "x-ms-dynamically-added": true
                },
                "text_4": {
                  "title": "Source",
                  "type": "string",
                  "x-ms-dynamically-added": true,
                  "description": "Please enter your input",
                  "x-ms-content-hint": "TEXT"
                }
              },
              "required": [
                "text",
                "text_1",
                "text_2",
                "text_3",
                "text_4"
              ]
            }
          },
          "metadata": {
            "operationMetadataId": "1521f34d-84ac-4cf4-8dea-2b95396a9d16"
          }
        }
      },
      "actions": {
        "Initialize_variable": {
          "type": "InitializeVariable",
          "inputs": {
            "variables": [
              {
                "name": "DocIDsRaw",
                "type": "string",
                "value": "@triggerBody()?['text']"
              }
            ]
          },
          "runAfter": {
            "Initialize_variable_7": [
              "Succeeded"
            ]
          },
          "metadata": {
            "operationMetadataId": "19ce6dd4-f313-401f-9bac-60ba6ee0f52e"
          }
        },
        "Initialize_variable_1": {
          "type": "InitializeVariable",
          "inputs": {
            "variables": [
              {
                "name": "Reviewers",
                "type": "array",
                "value": []
              }
            ]
          },
          "runAfter": {
            "Set_variable_3": [
              "Succeeded"
            ]
          },
          "metadata": {
            "operationMetadataId": "ba25fcfe-6961-4708-9bb8-e1c508d954bd"
          }
        },
        "Initialize_variable_2": {
          "type": "InitializeVariable",
          "inputs": {
            "variables": [
              {
                "name": "LibraryName",
                "type": "string"
              }
            ]
          },
          "runAfter": {
            "Initialize_variable_1": [
              "Succeeded"
            ]
          },
          "metadata": {
            "operationMetadataId": "11b59aa5-2ae0-4a3f-89c5-e6e5f086076f"
          }
        },
        "Set_variable": {
          "type": "SetVariable",
          "inputs": {
            "name": "varRequestID",
            "value": "@outputs('Add_a_new_row')?['body/crafe_flowrequestsppeid']"
          },
          "runAfter": {
            "Condition": [
              "Succeeded"
            ]
          },
          "metadata": {
            "operationMetadataId": "4a9cad00-1d8f-4703-b121-4796659bfb3e"
          }
        },
        "Do_until": {
          "type": "Until",
          "expression": "@equals(variables('varStatus'), '1')\n",
          "limit": {
            "count": 60,
            "timeout": "PT1H"
          },
          "actions": {
            "Get_a_row_by_ID": {
              "type": "OpenApiConnection",
              "inputs": {
                "parameters": {
                  "entityName": "crafe_flowrequestsppes",
                  "recordId": "@variables('varRecordID')\r\n"
                },
                "host": {
                  "apiId": "/providers/Microsoft.PowerApps/apis/shared_commondataserviceforapps",
                  "operationId": "GetItem",
                  "connectionName": "shared_commondataserviceforapps"
                }
              },
              "metadata": {
                "operationMetadataId": "5ea3af9a-62e7-474a-ade9-a4ed48d2e15f"
              }
            },
            "Set_variable_1": {
              "type": "SetVariable",
              "inputs": {
                "name": "varStatus",
                "value": "@string(outputs('Get_a_row_by_ID')?['body/statuscode'])\r\n"
              },
              "runAfter": {
                "Get_a_row_by_ID": [
                  "Succeeded"
                ]
              },
              "metadata": {
                "operationMetadataId": "5b743aee-66d3-40ba-8594-63859828ce2b"
              }
            },
            "Delay": {
              "type": "Wait",
              "inputs": {
                "interval": {
                  "count": 10,
                  "unit": "Second"
                }
              },
              "runAfter": {
                "Set_variable_1": [
                  "Succeeded"
                ]
              },
              "metadata": {
                "operationMetadataId": "f2352d7f-b796-4cd1-bd65-c53a871df1f1"
              }
            }
          },
          "runAfter": {
            "Set_variable": [
              "Succeeded"
            ]
          },
          "metadata": {
            "operationMetadataId": "acae2533-b49a-47f8-a324-5e56196bbc3b"
          }
        },
        "Initialize_variable_4": {
          "type": "InitializeVariable",
          "inputs": {
            "variables": [
              {
                "name": "varStatus",
                "type": "string"
              }
            ]
          },
          "runAfter": {
            "Initialize_variable_2": [
              "Succeeded"
            ]
          },
          "metadata": {
            "operationMetadataId": "d6578fc8-92de-4306-bfee-a78d0f629bc2"
          }
        },
        "Initialize_variable_5": {
          "type": "InitializeVariable",
          "inputs": {
            "variables": [
              {
                "name": "varResult",
                "type": "string"
              }
            ]
          },
          "runAfter": {
            "Initialize_variable_4": [
              "Succeeded"
            ]
          },
          "metadata": {
            "operationMetadataId": "ef7265b0-a1e9-43ad-b434-aa2ed2b38dd2"
          }
        },
        "Set_variable_2": {
          "type": "SetVariable",
          "inputs": {
            "name": "varResult",
            "value": "@outputs('Get_a_row_by_ID')?['body/result']\r\n"
          },
          "runAfter": {
            "Do_until": [
              "Succeeded"
            ]
          },
          "metadata": {
            "operationMetadataId": "2b417b61-d26a-4793-8b97-b70a399fcffb"
          }
        },
        "Respond_to_a_Power_App_or_flow": {
          "type": "Response",
          "kind": "PowerApp",
          "inputs": {
            "schema": {
              "type": "object",
              "properties": {
                "finalresult": {
                  "title": "FinalResult",
                  "x-ms-dynamically-added": true,
                  "type": "string"
                }
              },
              "additionalProperties": {}
            },
            "statusCode": 200,
            "body": {
              "finalresult": "@{variables('varResult')}"
            }
          },
          "runAfter": {
            "Set_variable_2": [
              "Succeeded"
            ]
          },
          "metadata": {
            "operationMetadataId": "f97202e5-61a0-4c80-9c90-532326ab591f"
          }
        },
        "Set_variable_3": {
          "type": "SetVariable",
          "inputs": {
            "name": "DocIDs",
            "value": "@split(variables('DocIDsRaw'), ',')\r\n"
          },
          "runAfter": {
            "Initialize_variable_3": [
              "Succeeded"
            ]
          },
          "metadata": {
            "operationMetadataId": "fa232c3b-9f0e-4b33-afd7-5a2a7ce002d7"
          }
        },
        "Initialize_variable_3": {
          "type": "InitializeVariable",
          "inputs": {
            "variables": [
              {
                "name": "DocIDs",
                "type": "array",
                "value": []
              }
            ]
          },
          "runAfter": {
            "Initialize_variable": [
              "Succeeded"
            ]
          },
          "metadata": {
            "operationMetadataId": "f99ebd50-0c3d-4f61-8e72-b42c784ce4aa"
          }
        },
        "Initialize_variable_6": {
          "type": "InitializeVariable",
          "inputs": {
            "variables": [
              {
                "name": "varRequestID",
                "type": "string"
              }
            ]
          },
          "runAfter": {
            "Initialize_variable_5": [
              "Succeeded"
            ]
          },
          "metadata": {
            "operationMetadataId": "4a98e33e-9df4-46e1-9404-d22c971d6b0b"
          }
        },
        "Condition": {
          "type": "If",
          "expression": {
            "and": [
              {
                "equals": [
                  "@equals(triggerOutputs()?['body/Source'], 'PowerApps')\r\n",
                  ""
                ]
              }
            ]
          },
          "actions": {
            "Set_variable_5": {
              "type": "SetVariable",
              "inputs": {
                "name": "varRecordID",
                "value": "@triggerOutputs()?['body/crafe_flowrequestsppeid']\r\n"
              },
              "metadata": {
                "operationMetadataId": "3562d58f-fa75-4b9c-8121-087cac3965f2"
              }
            }
          },
          "else": {
            "actions": {
              "Add_a_new_row": {
                "type": "OpenApiConnection",
                "inputs": {
                  "parameters": {
                    "entityName": "crafe_flowrequestsppes",
                    "item/crafe_newcolumn": "@concat('Request_', variables('DocIDs'), '_', utcNow())",
                    "item/crafe_docids": "@triggerBody()?['text']",
                    "item/importsequencenumber": 1,
                    "item/crafe_libraryname": "@triggerBody()?['text_2']",
                    "item/crafe_reviewers": "@triggerBody()?['text_1']"
                  },
                  "host": {
                    "apiId": "/providers/Microsoft.PowerApps/apis/shared_commondataserviceforapps",
                    "operationId": "CreateRecord",
                    "connectionName": "shared_commondataserviceforapps"
                  }
                },
                "metadata": {
                  "operationMetadataId": "de0c8f64-6f01-4f28-a13d-7a6f54add306"
                }
              },
              "Set_variable_4": {
                "type": "SetVariable",
                "inputs": {
                  "name": "varRecordID",
                  "value": "@outputs('Add_a_new_row')?['body/crafe_flowrequestsppeid']\r\n"
                },
                "runAfter": {
                  "Add_a_new_row": [
                    "Succeeded"
                  ]
                },
                "metadata": {
                  "operationMetadataId": "035129a8-0f08-4d35-866c-913246ec6532"
                }
              }
            }
          },
          "runAfter": {
            "Initialize_variable_6": [
              "Succeeded"
            ]
          },
          "metadata": {
            "operationMetadataId": "f0043e7f-88a1-4cea-89de-5a8dca6fea11"
          }
        },
        "Initialize_variable_7": {
          "type": "InitializeVariable",
          "inputs": {
            "variables": [
              {
                "name": "varRecordID",
                "type": "string"
              }
            ]
          },
          "runAfter": {},
          "metadata": {
            "operationMetadataId": "d224dc42-4b72-4d2a-b616-e69f5320961a"
          }
        }
      }
    },
    "templateName": null
  },
  "schemaVersion": "1.0.0.0"
}